{
  "assumptions": {
    "aux_star_orbit_fields_empirical_covariates": true,
    "official_binning_from_adc2023_baseline_taurex_fluxbinner": true,
    "output_instrument_width_from_local_adc_hdf5": true,
    "pRT_truth_authoritative": true,
    "star_distance_flux_coupled": true
  },
  "canonical_output_instrument_width": [
    1.0083333333333342,
    2.041666666666666,
    3.0767045454545454,
    1.130186121739875,
    1.246030199218751,
    1.373748294638554,
    1.514557494839177,
    1.6697996380602298,
    1.8409541009613477,
    3.9198880789132775,
    3.9986778292990515,
    4.079051253668244,
    4.161040183866361,
    4.244677091561767,
    4.329995101101734,
    4.417028002634619,
    4.505810265488258,
    4.596377051823551,
    4.688764230566226,
    4.783008391600796,
    4.879146860270672,
    4.977217712162857,
    5.077259788177438,
    5.179312709919472,
    5.283416895388932,
    5.389613574986215,
    5.497944807843348,
    5.608453498480933,
    5.721183413800252,
    5.836179200417958,
    5.953486402345644,
    6.073151479032627,
    6.195221823761604,
    6.319745782419926,
    6.446772672645854,
    6.576352803366364,
    6.708537494713971,
    6.843379098358031,
    6.980931018234507,
    7.121247731700565,
    7.264384811107784,
    7.41039894581171,
    2.646176391297556,
    2.825528346708357,
    3.017036379095571,
    3.2215244003457224,
    3.4398721652579622,
    3.6730190564589424,
    3.921968125840975,
    4.187790409925792,
    4.471629537709747,
    4.774706650820687
  ],
  "canonical_output_wlgrid": [
    0.55,
    0.7,
    0.95,
    1.156375,
    1.27490344,
    1.40558104,
    1.5496531,
    1.70849254,
    1.88361302,
    1.9695975,
    2.00918641,
    2.04957106,
    2.09076743,
    2.13279186,
    2.17566098,
    2.21939176,
    2.26400154,
    2.30950797,
    2.35592908,
    2.40328325,
    2.45158925,
    2.50086619,
    2.5511336,
    2.60241139,
    2.65471985,
    2.70807972,
    2.76251213,
    2.81803862,
    2.8746812,
    2.93246229,
    2.99140478,
    3.05153202,
    3.11286781,
    3.17543645,
    3.23926272,
    3.30437191,
    3.37078978,
    3.43854266,
    3.50765736,
    3.57816128,
    3.65008232,
    3.72344897,
    4.03216667,
    4.30545796,
    4.59727234,
    4.90886524,
    5.24157722,
    5.59683967,
    5.97618103,
    6.3812333,
    6.81373911,
    7.2755592
  ],
  "cloud_species": [
    "MgSiO3(c)_cd",
    "Fe(c)_cd"
  ],
  "created_utc": "2026-03-10T14:33:38.153848+00:00",
  "files": {
    "ValidationData/AuxillaryTable.csv": "ab54107ec55befde026d8f75c6f4c2ce853988f0d5d47e7f286c9cd738208973",
    "ValidationData/Ground Truth Package/FM_Parameter_Table.csv": "8289c47b5d5d2d7b0a6fd155c001529a3367d20a816feacd31815b11bf6bd5ab",
    "ValidationData/Ground Truth Package/NativeSpectra_R400.hdf5": "c3aa782a836337b7d97a56d13908e00627143dbf63da29455c833cf3dff23539",
    "ValidationData/Ground Truth Package/NoiselessSpectralData.hdf5": "aab2603479780183a09c1892766015ac6d327ce29d29aa7f93b1ea365b1e5b4f",
    "ValidationData/SpectralData.hdf5": "4553f4c1c0970162a1b37df0645a185d3beb0d1464b77d6725d54d74c4d1db2d"
  },
  "input_data": {
    "opacity_rebin_pattern": "authors_rebin_py",
    "opacity_resolution": 400,
    "path": "/home/iwo/hack4sages/input_data"
  },
  "line_species_r400": [
    "H2O_HITEMP_R_400",
    "CO_all_iso_HITEMP_R_400",
    "CH4_R_400",
    "NH3_R_400",
    "CO2_R_400",
    "H2S_R_400",
    "VO_R_400",
    "TiO_all_Exomol_R_400",
    "PH3_R_400",
    "Na_allard_R_400",
    "K_allard_R_400"
  ],
  "official_binning_wlgrid_desc": [
    7.2755592,
    6.81373911,
    6.3812333,
    5.97618103,
    5.59683967,
    5.24157722,
    4.90886524,
    4.59727234,
    4.30545796,
    4.03216667,
    3.72344897,
    3.65008232,
    3.57816128,
    3.50765736,
    3.43854266,
    3.37078978,
    3.30437191,
    3.23926272,
    3.17543645,
    3.11286781,
    3.05153202,
    2.99140478,
    2.93246229,
    2.8746812,
    2.81803862,
    2.76251213,
    2.70807972,
    2.65471985,
    2.60241139,
    2.5511336,
    2.50086619,
    2.45158925,
    2.40328325,
    2.35592908,
    2.30950797,
    2.26400154,
    2.21939176,
    2.17566098,
    2.13279186,
    2.09076743,
    2.04957106,
    2.00918641,
    1.9695975,
    1.88361302,
    1.70849254,
    1.5496531,
    1.40558104,
    1.27490344,
    1.156375,
    0.95,
    0.7,
    0.55
  ],
  "official_binning_wlwidth_desc": [
    0.47747067,
    0.44716295,
    0.41877904,
    0.39219681,
    0.36730191,
    0.34398722,
    0.32215244,
    0.30170364,
    0.28255283,
    0.26461764,
    0.07410399,
    0.07264385,
    0.07121248,
    0.06980931,
    0.06843379,
    0.06708537,
    0.06576353,
    0.06446773,
    0.06319746,
    0.06195222,
    0.06073151,
    0.05953486,
    0.05836179,
    0.05721183,
    0.05608453,
    0.05497945,
    0.05389614,
    0.05283417,
    0.05179313,
    0.0507726,
    0.04977218,
    0.04879147,
    0.04783008,
    0.04688764,
    0.04596377,
    0.0450581,
    0.04417028,
    0.04329995,
    0.04244677,
    0.0416104,
    0.04079051,
    0.03998678,
    0.03919888,
    0.18409541,
    0.16697996,
    0.15145575,
    0.13737483,
    0.12460302,
    0.11301861,
    0.30767045,
    0.20416667,
    0.10083333
  ],
  "official_sources": {
    "adc2023_baseline": "https://github.com/ucl-exoplanets/ADC2023-baseline",
    "paper_2023": "https://arxiv.org/abs/2301.06575",
    "paper_2025": "https://arxiv.org/html/2410.21477v1",
    "petit_radtrans_docs": "https://petitradtrans.readthedocs.io/en/latest/content/installation.html",
    "sbi_ear_input_data_bundle": "https://keeper.mpdl.mpg.de/f/78b3c66857924b5aacdd/?dl=1",
    "sbi_ear_repo": "https://github.com/francois-rozet/sbi-ear"
  },
  "parameter_priors": [
    {
      "lower": 0.1,
      "name": "c_o",
      "upper": 1.6
    },
    {
      "lower": -1.5,
      "name": "fe_h",
      "upper": 1.5
    },
    {
      "lower": -6.0,
      "name": "log_p_quench",
      "upper": 3.0
    },
    {
      "lower": -2.3,
      "name": "s_eq_fe",
      "upper": 1.0
    },
    {
      "lower": -2.3,
      "name": "s_eq_mgsio3",
      "upper": 1.0
    },
    {
      "lower": 0.0,
      "name": "f_sed",
      "upper": 10.0
    },
    {
      "lower": 5.0,
      "name": "log_kzz",
      "upper": 13.0
    },
    {
      "lower": 1.05,
      "name": "sigma_g",
      "upper": 3.0
    },
    {
      "lower": 2.0,
      "name": "log_g",
      "upper": 5.5
    },
    {
      "lower": 0.9,
      "name": "r_p_r_jup",
      "upper": 2.0
    },
    {
      "lower": 300.0,
      "name": "t_int",
      "upper": 2300.0
    },
    {
      "lower": 0.0,
      "name": "t3_unit",
      "upper": 1.0
    },
    {
      "lower": 0.0,
      "name": "t2_unit",
      "upper": 1.0
    },
    {
      "lower": 0.0,
      "name": "t1_unit",
      "upper": 1.0
    },
    {
      "lower": 1.0,
      "name": "alpha",
      "upper": 2.0
    },
    {
      "lower": 0.0,
      "name": "log_delta_unit",
      "upper": 1.0
    }
  ],
  "reference_bundle_sha256": "eb58bce9a0f4cba7ee6b1243eaa425bb8130331eacff936efb34ea6fa8494728",
  "sample_count": 20000,
  "scale_factor": 1e+16,
  "sigma_scaled_max": 0.5,
  "sigma_scaled_min": 0.05,
  "sigma_unit_w_m2_um": 1e-16,
  "software_versions": {
    "h5py": "3.10.0",
    "numpy": "1.26.4",
    "pandas": "2.2.3",
    "petitRADTRANS": "2.6.7",
    "python": "3.9.23",
    "scipy": "1.11.4",
    "taurex": "3.2.4"
  },
  "assembly_software_versions_local": {
    "h5py": "3.10.0",
    "numpy": "1.26.4",
    "pandas": "2.2.3",
    "python": "3.11.15",
    "scipy": "1.17.1",
    "taurex": "3.2.4"
  }
}
