{
  "mae": {
    "log_CH4": 2.69006609916687,
    "log_CO": 2.5921058654785156,
    "log_CO2": 2.7651283740997314,
    "log_H2O": 2.735072612762451,
    "log_NH3": 2.724811553955078
  },
  "mae_mean": 2.701436996459961,
  "rmse": {
    "log_CH4": 3.1847026348114014,
    "log_CO": 3.1025500297546387,
    "log_CO2": 3.254173994064331,
    "log_H2O": 3.2630655765533447,
    "log_NH3": 3.2735841274261475
  },
  "rmse_mean": 3.2156150341033936,
  "rows": 685
}
