{
  "mae": {
    "log_CH4": 0.1408783197402954,
    "log_CO": 0.1344936043024063,
    "log_CO2": 0.13885417580604553,
    "log_H2O": 0.2557293474674225,
    "log_NH3": 0.24252033233642578
  },
  "mae_mean": 0.1824951469898224,
  "rmse": {
    "log_CH4": 0.23338887095451355,
    "log_CO": 0.2209463268518448,
    "log_CO2": 0.2260986566543579,
    "log_H2O": 0.4027636647224426,
    "log_NH3": 0.3909076750278473
  },
  "rmse_mean": 0.29482102394104004,
  "rows": 4142
}
