{
  "aux_scaler": {
    "mean": [
      2.7215099334716797,
      30.288557052612305,
      8.858498573303223,
      5609.83740234375,
      26.256175994873047,
      0.9688753485679626,
      -1.0657612085342407,
      0.9603769779205322
    ],
    "scale": [
      0.3870396316051483,
      0.09773988276720047,
      0.14317426085472107,
      623.242431640625,
      0.6686006784439087,
      0.43034324049949646,
      0.29197052121162415,
      0.3159509003162384
    ]
  },
  "spectral_scaler": {
    "fixed_channels": [
      [
        -1.9962881803512573,
        -1.3994158506393433,
        -0.8015592098236084,
        -1.9259036779403687,
        -1.858989953994751,
        -1.7852177619934082,
        -1.7038838863372803,
        -1.614212989807129,
        -1.5153511762619019,
        -0.31452104449272156,
        -0.26901066303253174,
        -0.22258558869361877,
        -0.175227090716362,
        -0.12691695988178253,
        -0.07763568311929703,
        -0.027363954111933708,
        0.023918326944112778,
        0.07623126357793808,
        0.1295958012342453,
        0.1840331256389618,
        0.2395644634962082,
        0.296211838722229,
        0.3539981245994568,
        0.41294562816619873,
        0.47307801246643066,
        0.5344192385673523,
        0.5969933271408081,
        0.6608250141143799,
        0.725939929485321,
        0.792363703250885,
        0.8601225018501282,
        0.929243266582489,
        0.9997532963752747,
        1.0716806650161743,
        1.145053505897522,
        1.2199013233184814,
        1.2962538003921509,
        1.3741406202316284,
        1.4535930156707764,
        1.5346426963806152,
        1.617321252822876,
        1.7016617059707642,
        -1.050240159034729,
        -0.9466431140899658,
        -0.8360245823860168,
        -0.7179085612297058,
        -0.5917868614196777,
        -0.4571169912815094,
        -0.31331947445869446,
        -0.1597757488489151,
        0.004174965433776379,
        0.17923788726329803
      ],
      [
        -1.6703954935073853,
        -1.569149374961853,
        -1.400405764579773,
        -1.2611080408096313,
        -1.1811044216156006,
        -1.0929003953933716,
        -0.9956554770469666,
        -0.8884429335594177,
        -0.7702411413192749,
        -0.7122038006782532,
        -0.6854822635650635,
        -0.6582236886024475,
        -0.6304172277450562,
        -0.602051854133606,
        -0.5731161832809448,
        -0.5435990691184998,
        -0.5134885907173157,
        -0.48277291655540466,
        -0.45143988728523254,
        -0.41947701573371887,
        -0.38687172532081604,
        -0.35361114144325256,
        -0.31968188285827637,
        -0.2850708067417145,
        -0.2497638761997223,
        -0.21374726295471191,
        -0.1770068109035492,
        -0.13952785730361938,
        -0.101295605301857,
        -0.06229493021965027,
        -0.02251022309064865,
        0.018074126914143562,
        0.05947421118617058,
        0.10170644521713257,
        0.14478756487369537,
        0.18873447179794312,
        0.23356486856937408,
        0.27929627895355225,
        0.3259469270706177,
        0.37353527545928955,
        0.4220801591873169,
        0.471600741147995,
        0.6799771189689636,
        0.8644418716430664,
        1.0614089965820312,
        1.271726369857788,
        1.49629807472229,
        1.7360913753509521,
        1.992136836051941,
        2.2655365467071533,
        2.557466983795166,
        2.8691837787628174
      ]
    ],
    "mean": [
      [
        0.9179592132568359,
        0.8954486846923828,
        0.8950691819190979,
        0.9208983778953552,
        0.910719096660614,
        0.9522356390953064,
        0.941065788269043,
        0.9528113007545471,
        0.9709721207618713,
        0.9794784784317017,
        0.9789104461669922,
        0.9743597507476807,
        0.9673564434051514,
        0.9691063761711121,
        0.9842692017555237,
        0.9987390041351318,
        1.0081474781036377,
        1.0155595541000366,
        1.0219093561172485,
        1.0177104473114014,
        1.00811767578125,
        1.007210373878479,
        1.0030488967895508,
        0.9998098015785217,
        1.0035451650619507,
        1.0279717445373535,
        1.0269726514816284,
        1.0254204273223877,
        1.0168144702911377,
        1.0161795616149902,
        1.0159107446670532,
        1.023659586906433,
        1.0417288541793823,
        1.056120753288269,
        1.0443278551101685,
        1.0541437864303589,
        1.043196439743042,
        1.0306215286254883,
        1.0222753286361694,
        1.0104559659957886,
        0.9941189885139465,
        0.9804666638374329,
        0.958350658416748,
        1.0690126419067383,
        1.045829176902771,
        1.0064090490341187,
        1.001108169555664,
        1.0176876783370972,
        1.0233629941940308,
        1.0353857278823853,
        1.0463780164718628,
        1.0716326236724854
      ],
      [
        0.00418827822431922,
        0.0027430332265794277,
        0.0022770219948142767,
        0.003730461234226823,
        0.0035339035093784332,
        0.003443832276389003,
        0.0034669707529246807,
        0.0036936812102794647,
        0.004719198681414127,
        0.011412926018238068,
        0.009848310612142086,
        0.009803559631109238,
        0.010757853277027607,
        0.01001030020415783,
        0.010127196088433266,
        0.0105423079803586,
        0.01086059957742691,
        0.011232947930693626,
        0.011743457056581974,
        0.01268923282623291,
        0.012989820912480354,
        0.012720291502773762,
        0.013028597459197044,
        0.013530555181205273,
        0.013377389870584011,
        0.013320122845470905,
        0.013972749002277851,
        0.01457950472831726,
        0.015776433050632477,
        0.017300959676504135,
        0.018160410225391388,
        0.01949937641620636,
        0.019389010965824127,
        0.01935924030840397,
        0.020238235592842102,
        0.021004585549235344,
        0.02165333367884159,
        0.023018809035420418,
        0.023520560935139656,
        0.024980369955301285,
        0.02570660598576069,
        0.02784862369298935,
        0.009559649042785168,
        0.010860737413167953,
        0.012566564604640007,
        0.013424089178442955,
        0.015259042382240295,
        0.019274994730949402,
        0.02377055212855339,
        0.029306422919034958,
        0.03783370181918144,
        0.05054343864321709
      ]
    ],