{
  "rows": 685,
  "num_samples": 128,
  "point_estimate": "median",
  "rmse_mean": 3.4730594158172607,
  "rmse": {
    "log10_vmr_h2o": 3.2603442668914795,
    "log10_vmr_co2": 4.004432678222656,
    "log10_vmr_co": 3.4237282276153564,
    "log10_vmr_ch4": 3.467745065689087,
    "log10_vmr_nh3": 3.20904803276062
  }
}
