{
  "rows": 685,
  "num_samples": 128,
  "point_estimate": "median",
  "rmse_mean": 3.565753221511841,
  "rmse": {
    "log10_vmr_h2o": 3.4175479412078857,
    "log10_vmr_co2": 3.923393726348877,
    "log10_vmr_co": 3.6020195484161377,
    "log10_vmr_ch4": 3.628368377685547,
    "log10_vmr_nh3": 3.2574360370635986
  }
}
