{
  "rmse": {
    "log_H2O": 0.8091988580131246,
    "log_CO2": 0.5340543548492793,
    "log_CO": 0.6090441022846191,
    "log_CH4": 0.4933205283530807,
    "log_NH3": 0.8045694137456461
  },
  "rmse_mean": 0.65003745144915
}
