{
  "rmse": {
    "log_H2O": 0.40518298745155334,
    "log_CO2": 0.22898580133914948,
    "log_CO": 0.23032790422439575,
    "log_CH4": 0.23617210984230042,
    "log_NH3": 0.3927944004535675
  },
  "rmse_mean": 0.29869264364242554
}
