{
  "rmse": {
    "log_H2O": 0.6550479531288147,
    "log_CO2": 0.4547179043292999,
    "log_CO": 0.564496636390686,
    "log_CH4": 0.45436835289001465,
    "log_NH3": 0.6328113675117493
  },
  "rmse_mean": 0.5522884130477905
}
