{
  "mae": {
    "log_CH4": 2.6891374588012695,
    "log_CO": 2.834658622741699,
    "log_CO2": 2.855616569519043,
    "log_H2O": 2.7332470417022705,
    "log_NH3": 2.62776780128479
  },
  "mae_mean": 2.7480854988098145,
  "rmse": {
    "log_CH4": 3.1819002628326416,
    "log_CO": 3.4291534423828125,
    "log_CO2": 3.366136074066162,
    "log_H2O": 3.3090341091156006,
    "log_NH3": 3.111571788787842
  },
  "rmse_mean": 3.2795588970184326,
  "rows": 685
}
