{
  "rmse": {
    "log_CH4": 0.45006439089775085,
    "log_CO": 0.536467432975769,
    "log_CO2": 0.5294402241706848,
    "log_H2O": 0.628958523273468,
    "log_NH3": 0.5684115886688232
  },
  "rmse_mean": 0.5426684617996216
}
