{
  "aux_scaler": {
    "mean": [
      1.992207445377424e+30,
      764800832.0,
      5608.4228515625,
      7.634232258569527e+26,
      15.259315490722656,
      0.10791273415088654,
      13.81176471710205,
      -4.435141563415527
    ],
    "scale": [
      4.617753598226568e+29,
      298894176.0,
      623.76123046875,
      3.3735204861424506e+27,
      22.055583953857422,
      0.08380749821662903,
      41.884029388427734,
      0.5266975164413452
    ]
  },
  "spectral_scaler": {
    "mean": [
      0.9175302982330322,
      0.8950154185295105,
      0.8947369456291199,
      0.9206599593162537,
      0.91045743227005,
      0.952305257320404,
      0.9409273266792297,
      0.9525508880615234,
      0.9710168242454529,
      0.9795698523521423,
      0.97894287109375,
      0.974301278591156,
      0.9671952724456787,
      0.9688891172409058,
      0.9840631484985352,
      0.9985501170158386,
      1.0079830884933472,
      1.015401005744934,
      1.0217585563659668,
      1.0175838470458984,
      1.0080304145812988,
      1.0072720050811768,
      1.0032151937484741,
      0.9999672174453735,
      1.0037184953689575,
      1.0282905101776123,
      1.027329921722412,
      1.0257421731948853,
      1.0170629024505615,
      1.0165178775787354,
      1.0161861181259155,
      1.023808479309082,
      1.0417242050170898,
      1.056138277053833,
      1.0443024635314941,
      1.0541820526123047,
      1.0431007146835327,
      1.0305830240249634,
      1.022166132926941,
      1.0102795362472534,
      0.9939057230949402,
      0.9802224040031433,
      0.9581018090248108,
      1.0699125528335571,
      1.0458146333694458,
      1.006093144416809,
      1.0011417865753174,
      1.0179438591003418,
      1.0235618352890015,
      1.0355995893478394,
      1.0467934608459473,
      1.0718525648117065
    ],
    "scale": [
      0.1052217185497284,
      0.11233893036842346,
      0.09697343409061432,
      0.07947085052728653,
      0.08308294415473938,
      0.06215890496969223,
      0.06392155587673187,
      0.058019910007715225,
      0.05130959302186966,
      0.05735988914966583,
      0.05683913081884384,
      0.05464989319443703,
      0.05215976759791374,
      0.04884546622633934,
      0.04443364962935448,
      0.04597007855772972,
      0.04842594638466835,
      0.04575034976005554,
      0.04535158351063728,
      0.03638764098286629,
      0.029388103634119034,
      0.030335523188114166,
      0.05197348818182945,
      0.03956754505634308,
      0.044176001101732254,
      0.08902788907289505,
      0.0869639590382576,
      0.07118215411901474,
      0.060877952724695206,
      0.05699053034186363,
      0.04729035496711731,
      0.04750477522611618,
      0.07791335880756378,
      0.10604796558618546,
      0.09159670025110245,
      0.12895596027374268,
      0.11237413436174393,
      0.09225452691316605,
      0.08833489567041397,
      0.07984965294599533,
      0.06354369223117828,
      0.055561233311891556,
      0.048130594193935394,
      0.4707932472229004,
      0.3516120910644531,
      0.17899805307388306,
      0.05179410055279732,
      0.06414002925157547,
      0.05208621919155121,
      0.07103945314884186,
      0.11641297489404678,
      0.10626350343227386
    ]
  },
  "target_scaler": {
    "mean": [
      -5.975790500640869,
      -6.524312496185303,
      -4.487872123718262,
      -5.999330520629883,
      -6.493619441986084
    ],
    "scale": [
      1.7364498376846313,
      1.4374041557312012,
      0.8678245544433594,
      1.73000168800354,
      1.4593440294265747
    ]
  }
}
