{
  "mae": {
    "log_CH4": 0.1415904462337494,
    "log_CO": 0.13804768025875092,
    "log_CO2": 0.13926032185554504,
    "log_H2O": 0.25630801916122437,
    "log_NH3": 0.24343177676200867
  },
  "mae_mean": 0.18372765183448792,
  "rmse": {
    "log_CH4": 0.236172154545784,
    "log_CO": 0.23032815754413605,
    "log_CO2": 0.22898581624031067,
    "log_H2O": 0.40518277883529663,
    "log_NH3": 0.3927943706512451
  },
  "rmse_mean": 0.29869264364242554,
  "rows": 4143
}
